"0","library(htmltools)"
"2","Registered S3 methods overwritten by 'htmltools':
  method               from         
  print.html           tools:rstudio
  print.shiny.tag      tools:rstudio
  print.shiny.tag.list tools:rstudio
"
"0","library(SWOW)"
"2","Loading required package: tidyverse
"
"2","Registered S3 methods overwritten by 'dbplyr':
  method         from
  print.tbl_lazy     
  print.tbl_sql      
"
"2","[30mâ”€â”€ [1mAttaching packages[22m â”€â”€â”€â”€â”€â”€â”€â”€â”€â”€â”€â”€â”€â”€â”€â”€â”€â”€â”€â”€â”€â”€â”€â”€â”€â”€â”€â”€â”€â”€â”€â”€â”€â”€â”€â”€â”€â”€â”€â”€â”€â”€â”€â”€â”€â”€â”€â”€â”€â”€â”€â”€â”€â”€â”€â”€â”€â”€â”€â”€â”€â”€â”€â”€â”€â”€â”€â”€â”€â”€â”€â”€â”€â”€â”€â”€â”€â”€â”€â”€â”€â”€â”€â”€â”€â”€â”€â”€â”€â”€â”€â”€â”€â”€â”€â”€â”€â”€â”€â”€â”€â”€â”€â”€â”€â”€â”€ tidyverse 1.3.1 â”€â”€[39m
"
"2","[30m[32mâœ“[30m [34mggplot2[30m 3.3.3     [32mâœ“[30m [34mpurrr  [30m 0.3.4
[32mâœ“[30m [34mtibble [30m 3.1.2     [32mâœ“[30m [34mdplyr  [30m 1.0.6
[32mâœ“[30m [34mtidyr  [30m 1.1.3     [32mâœ“[30m [34mstringr[30m 1.4.0
[32mâœ“[30m [34mreadr  [30m 1.4.0     [32mâœ“[30m [34mforcats[30m 0.5.1[39m
"
"2","[30mâ”€â”€ [1mConflicts[22m â”€â”€â”€â”€â”€â”€â”€â”€â”€â”€â”€â”€â”€â”€â”€â”€â”€â”€â”€â”€â”€â”€â”€â”€â”€â”€â”€â”€â”€â”€â”€â”€â”€â”€â”€â”€â”€â”€â”€â”€â”€â”€â”€â”€â”€â”€â”€â”€â”€â”€â”€â”€â”€â”€â”€â”€â”€â”€â”€â”€â”€â”€â”€â”€â”€â”€â”€â”€â”€â”€â”€â”€â”€â”€â”€â”€â”€â”€â”€â”€â”€â”€â”€â”€â”€â”€â”€â”€â”€â”€â”€â”€â”€â”€â”€â”€â”€â”€â”€â”€â”€â”€â”€â”€â”€â”€â”€â”€â”€â”€ tidyverse_conflicts() â”€â”€
[31mx[30m [34mdplyr[30m::[32mfilter()[30m masks [34mstats[30m::filter()
[31mx[30m [34mdplyr[30m::[32mlag()[30m    masks [34mstats[30m::lag()[39m
"
"2","Loading required package: tidygraph
"
"2","
Attaching package: â€˜tidygraphâ€™

"
"2","The following object is masked from â€˜package:statsâ€™:

    filter

"
"2","Loading required package: ggraph
"
"2","Loading required package: ggrepel
"
"2","Loading required package: comato
"
"2","Registered S3 method overwritten by 'htmlwidgets':
  method           from         
  print.htmlwidget tools:rstudio
"
"2","
Attaching package: â€˜comatoâ€™

"
"2","The following object is masked from â€˜package:purrrâ€™:

    splice

"
"2","Loading required package: viridis
"
"2","Loading required package: viridisLite
"
"0","library(knitr)"
"0","library(gridExtra)"
"2","
Attaching package: â€˜gridExtraâ€™

"
"2","The following object is masked from â€˜package:dplyrâ€™:

    combine

"
